2,0,2,2,年,美,国,动,作,惊,悚,片,《,灰,影,人,》,H,D,中,英,双,字
m,a,g,n,e,t,:,?,x,t,=,u,r,n,:,b,t,i,h,:,0,3,2,7,1,9,f,4,a,d,6,c,2,d,9,4,c,4,0,d,3,6,6,6,6,2,7,1,4,a,2,7,f,d,3,7,f,e,7,0,&,d,n,=,[,电,影,天,堂,w,w,w,.,d,y,t,t,8,9,.,c,o,m,],灰,影,人,-,2,0,2,2,_,H,D,中,英,双,字,.,m,p,4
"
"
2,0,2,2,年,韩,国,7,.,7,分,动,作,犯,罪,片,《,犯,罪,都,市,2,》,B,D,韩,语,中,字
m,a,g,n,e,t,:,?,x,t,=,u,r,n,:,b,t,i,h,:,4,2,a,3,6,7,6,c,b,4,0,f,a,3,9,9,c,9,3,9,4,b,a,9,2,4,7,f,8,f,5,a,b,3,a,2,9,b,9,c,&,d,n,=,[,电,影,天,堂,w,w,w,.,d,y,t,t,8,9,.,c,o,m,],犯,罪,都,市,2,-,2,0,2,2,_,B,D,韩,语,中,字,.,m,p,4
"
"
2,0,2,1,年,美,国,动,作,科,幻,片,《,末,日,激,战,》,蓝,光,中,英,双,字
m,a,g,n,e,t,:,?,x,t,=,u,r,n,:,b,t,i,h,:,4,1,e,e,2,e,1,0,3,a,c,9,3,e,8,f,6,0,e,c,4,9,6,7,9,c,3,f,9,4,f,a,c,7,0,2,b,8,9,a,&,d,n,=,[,电,影,天,堂,w,w,w,.,d,y,t,t,8,9,.,c,o,m,],末,日,激,战,-,2,0,2,1,_,蓝,光,中,英,双,字,.,m,p,4
m,a,g,n,e,t,:,?,x,t,=,u,r,n,:,b,t,i,h,:,a,d,f,d,0,0,d,a,c,a,c,5,3,4,0,8,f,8,3,7,4,0,5,8,2,4,1,5,0,8,6,c,8,5,3,7,c,1,8,b,&,d,n,=,末,日,激,战,-,2,0,2,1,_,H,D,中,字,.,m,p,4
"
"
2,0,2,2,年,韩,国,动,作,悬,疑,片,《,魔,女,2,》,B,D,韩,语,中,字
m,a,g,n,e,t,:,?,x,t,=,u,r,n,:,b,t,i,h,:,f,e,4,1,6,e,3,7,9,2,4,3,b,f,1,5,b,3,e,0,8,a,8,d,9,6,3,c,7,2,5,1,e,1,3,b,f,0,4,4,&,d,n,=,[,电,影,天,堂,w,w,w,.,d,y,t,t,8,9,.,c,o,m,],魔,女,2,-,2,0,2,2,_,B,D,韩,语,中,字,.,m,p,4
"
"
2,0,2,2,年,美,国,6,.,3,分,动,作,科,幻,片,《,侏,罗,纪,世,界,3,》,蓝,光,中,英,双,字
m,a,g,n,e,t,:,?,x,t,=,u,r,n,:,b,t,i,h,:,c,2,9,7,2,b,8,c,7,f,1,6,1,c,9,2,9,b,c,2,9,b,2,4,3,6,0,a,f,4,f,9,9,0,d,b,6,b,5,a,&,d,n,=,[,电,影,天,堂,w,w,w,.,d,y,t,t,8,9,.,c,o,m,],侏,罗,纪,世,界,3,-,2,0,2,2,_,蓝,光,中,英,双,字,.,m,p,4
m,a,g,n,e,t,:,?,x,t,=,u,r,n,:,b,t,i,h,:,f,5,c,c,a,5,5,2,a,6,1,b,3,0,3,9,c,f,7,9,b,6,e,c,a,c,3,2,3,d,f,5,f,a,d,1,7,b,e,3,&,d,n,=,[,电,影,天,堂,w,w,w,.,d,y,t,t,8,9,.,c,o,m,],侏,罗,纪,世,界,3,-,2,0,2,2,_,H,D,韩,版,中,字,.,m,p,4
"
"
2,0,2,2,年,国,产,动,作,犯,罪,片,《,烈,探,》,H,D,国,粤,双,语,中,字
m,a,g,n,e,t,:,?,x,t,=,u,r,n,:,b,t,i,h,:,6,2,e,6,3,2,e,1,4,1,2,a,f,4,e,b,8,b,2,2,a,9,1,0,b,f,d,7,2,a,0,3,a,6,4,b,7,5,a,e,&,d,n,=,[,电,影,天,堂,w,w,w,.,d,y,t,t,8,9,.,c,o,m,],烈,探,-,2,0,2,2,_,H,D,粤,语,中,字,.,m,p,4
m,a,g,n,e,t,:,?,x,t,=,u,r,n,:,b,t,i,h,:,0,6,c,c,7,f,0,d,4,8,e,5,e,7,9,b,8,0,a,6,7,e,f,d,1,1,0,2,3,2,3,9,3,9,7,3,6,c,0,0,&,d,n,=,[,电,影,天,堂,w,w,w,.,d,y,t,t,8,9,.,c,o,m,],烈,探,-,2,0,2,2,_,H,D,国,语,中,字,.,m,p,4
"
"
2,0,2,2,年,美,国,8,.,3,分,动,画,片,《,青,春,变,形,记,》,蓝,光,国,粤,英,3,语,中,字
m,a,g,n,e,t,:,?,x,t,=,u,r,n,:,b,t,i,h,:,5,e,9,0,7,5,8,3,7,d,d,6,3,d,3,2,c,e,f,a,7,1,0,1,2,f,1,a,2,d,8,9,2,6,1,f,a,5,8,f,&,d,n,=,[,电,影,天,堂,w,w,w,.,d,y,t,t,8,9,.,c,o,m,],青,春,变,形,记,-,2,0,2,2,_,蓝,光,国,粤,英,3,语,中,字,.,m,p,4
m,a,g,n,e,t,:,?,x,t,=,u,r,n,:,b,t,i,h,:,5,9,0,8,b,9,7,7,9,8,8,3,8,9,3,9,8,f,b,1,7,a,6,b,f,3,1,a,6,7,6,9,0,4,2,a,1,d,2,2,&,d,n,=,[,电,影,天,堂,w,w,w,.,d,y,t,t,8,9,.,c,o,m,],青,春,变,形,记,-,2,0,2,2,_,B,D,国,粤,英,三,语,中,字,.,m,p,4
m,a,g,n,e,t,:,?,x,t,=,u,r,n,:,b,t,i,h,:,e,a,5,6,0,d,d,6,c,5,1,8,d,4,5,b,7,d,3,a,c,3,a,4,a,8,4,e,4,3,1,a,9,a,2,e,3,a,c,f,&,d,n,=,[,电,影,天,堂,w,w,w,.,d,y,t,t,8,9,.,c,o,m,],青,春,变,形,记,-,2,0,2,2,_,B,D,英,语,中,字,.,m,p,4
"
"
2,0,2,2,年,美,国,动,作,奇,幻,片,《,奇,异,博,士,2,：,疯,狂,多,元,宇,宙,》,蓝,光,中,英,双,字
m,a,g,n,e,t,:,?,x,t,=,u,r,n,:,b,t,i,h,:,0,3,a,9,1,0,1,4,1,5,e,e,0,a,d,5,f,c,8,b,5,8,f,d,9,e,e,4,7,2,e,f,1,c,2,f,c,4,8,4,&,d,n,=,[,电,影,天,堂,w,w,w,.,d,y,t,t,8,9,.,c,o,m,],奇,异,博,士,2,：,疯,狂,多,元,宇,宙,-,2,0,2,2,_,蓝,光,中,英,双,字,.,m,p,4
m,a,g,n,e,t,:,?,x,t,=,u,r,n,:,b,t,i,h,:,4,b,9,6,5,f,c,f,6,d,2,a,5,1,f,d,6,b,6,7,e,e,c,b,6,4,f,c,0,2,2,0,c,7,5,e,d,8,6,5,&,d,n,=,[,电,影,天,堂,w,w,w,.,d,y,t,t,8,9,.,c,o,m,],奇,异,博,士,2,：,疯,狂,多,元,宇,宙,-,2,0,2,2,_,H,D,中,英,双,字,V,2,.,m,p,4
m,a,g,n,e,t,:,?,x,t,=,u,r,n,:,b,t,i,h,:,f,1,5,a,b,0,7,5,d,6,0,c,0,e,6,b,7,3,e,f,2,4,f,1,f,a,a,d,a,e,4,4,9,5,e,4,a,1,4,f,&,d,n,=,[,电,影,天,堂,w,w,w,.,d,y,t,t,8,9,.,c,o,m,],奇,异,博,士,2,：,疯,狂,多,元,宇,宙,-,2,0,2,2,_,H,D,中,英,双,字,.,m,p,4
"
"
2,0,2,1,年,中,国,香,港,动,作,犯,罪,片,《,反,贪,风,暴,5,：,最,终,章,》,蓝,光,双,语,中,字
m,a,g,n,e,t,:,?,x,t,=,u,r,n,:,b,t,i,h,:,6,1,f,0,d,b,4,3,1,9,4,5,e,3,c,8,7,8,2,0,d,6,f,8,b,1,a,b,d,e,c,2,8,0,d,4,0,5,e,7,&,d,n,=,[,电,影,天,堂,w,w,w,.,d,y,t,t,8,9,.,c,o,m,],反,贪,风,暴,5,：,最,终,章,-,2,0,2,1,_,蓝,光,国,粤,双,语,中,字,.,m,p,4
m,a,g,n,e,t,:,?,x,t,=,u,r,n,:,b,t,i,h,:,3,e,e,c,f,f,8,5,9,9,2,9,a,7,a,8,9,9,3,f,3,1,f,2,b,7,3,3,a,2,c,3,0,c,f,9,b,6,8,5,&,d,n,=,[,电,影,天,堂,w,w,w,.,d,y,t,t,8,9,.,c,o,m,],反,贪,风,暴,5,：,最,终,章,-,2,0,2,1,_,H,D,国,粤,双,语,中,字,.,m,p,4
"
"
2,0,2,2,年,美,国,8,.,3,分,喜,剧,奇,幻,片,《,瞬,息,全,宇,宙,》,蓝,光,中,英,双,字
m,a,g,n,e,t,:,?,x,t,=,u,r,n,:,b,t,i,h,:,6,a,3,b,f,f,2,c,1,0,4,5,7,e,6,0,9,b,6,8,b,6,f,0,9,a,7,3,5,2,a,a,9,3,7,0,2,9,8,2,&,d,n,=,[,电,影,天,堂,w,w,w,.,d,y,t,t,8,9,.,c,o,m,],瞬,息,全,宇,宙,-,2,0,2,2,_,蓝,光,中,英,双,字,.,m,p,4
m,a,g,n,e,t,:,?,x,t,=,u,r,n,:,b,t,i,h,:,6,7,3,2,4,6,0,a,8,a,4,3,0,1,3,c,e,a,3,6,c,9,c,6,e,5,6,7,7,a,9,8,8,8,a,6,b,c,8,e,&,d,n,=,[,电,影,天,堂,w,w,w,.,d,y,t,t,8,9,.,c,o,m,],瞬,息,全,宇,宙,-,2,0,2,2,_,H,D,中,英,双,字,.,m,p,4
"
"
2,0,2,2,年,英,国,8,.,3,分,爱,情,片,《,唐,顿,庄,园,2,》,B,D,中,英,双,字
m,a,g,n,e,t,:,?,x,t,=,u,r,n,:,b,t,i,h,:,a,9,8,8,9,7,6,4,e,f,f,1,0,7,4,b,b,9,1,0,e,7,b,a,b,5,4,c,1,b,b,9,4,9,7,0,b,5,7,0,&,d,n,=,[,电,影,天,堂,w,w,w,.,d,y,t,t,8,9,.,c,o,m,],唐,顿,庄,园,2,-,2,0,2,2,_,B,D,中,英,双,字,V,3,.,m,p,4
"
"
2,0,2,2,年,美,国,科,幻,灾,难,片,《,月,球,陨,落,》,蓝,光,中,英,双,字
m,a,g,n,e,t,:,?,x,t,=,u,r,n,:,b,t,i,h,:,5,1,8,d,c,5,0,2,d,8,6,1,4,c,0,4,1,4,4,0,1,9,f,0,3,9,c,6,3,b,6,0,8,a,c,e,d,8,3,9,&,d,n,=,[,电,影,天,堂,w,w,w,.,d,y,t,t,8,9,.,c,o,m,],月,球,陨,落,-,2,0,2,2,_,蓝,光,中,英,双,字,.,m,p,4
m,a,g,n,e,t,:,?,x,t,=,u,r,n,:,b,t,i,h,:,1,7,2,6,e,f,b,9,a,0,2,b,c,c,b,3,d,c,7,6,5,4,9,1,7,0,6,6,a,7,e,9,b,b,1,d,a,c,e,9,&,d,n,=,[,电,影,天,堂,w,w,w,.,d,y,t,t,8,9,.,c,o,m,],月,球,陨,落,-,2,0,2,2,_,B,D,中,英,双,字,.,m,p,4
"
"
2,0,2,2,年,英,国,奇,幻,片,《,神,奇,动,物,：,邓,布,利,多,之,谜,》,B,D,中,英,双,字
m,a,g,n,e,t,:,?,x,t,=,u,r,n,:,b,t,i,h,:,a,1,2,5,6,c,3,e,7,8,e,8,1,6,9,9,7,3,8,8,b,e,0,e,6,0,8,3,5,b,8,b,8,a,0,d,e,6,7,9,&,d,n,=,[,电,影,天,堂,w,w,w,.,d,y,t,t,8,9,.,c,o,m,],神,奇,动,物,：,邓,布,利,多,之,谜,-,2,0,2,2,_,B,D,中,英,双,字,.,m,p,4
m,a,g,n,e,t,:,?,x,t,=,u,r,n,:,b,t,i,h,:,d,6,d,5,0,e,a,6,d,2,4,c,e,8,b,6,5,2,4,3,e,e,7,3,9,d,9,3,d,f,2,6,2,f,8,d,3,f,6,4,&,d,n,=,[,电,影,天,堂,w,w,w,.,d,y,t,t,8,9,.,c,o,m,],神,奇,动,物,：,邓,布,利,多,之,谜,-,2,0,2,2,_,H,D,韩,版,中,英,双,字,V,2,.,m,p,4
m,a,g,n,e,t,:,?,x,t,=,u,r,n,:,b,t,i,h,:,6,9,a,6,6,9,6,6,9,2,d,e,3,3,e,8,6,1,7,7,a,5,e,9,7,f,2,2,0,d,6,0,d,e,c,b,c,d,4,8,&,d,n,=,[,电,影,天,堂,w,w,w,.,d,y,t,t,8,9,.,c,o,m,],神,奇,动,物,：,邓,布,利,多,之,谜,-,2,0,2,2,_,H,D,韩,版,中,英,双,字,.,m,p,4
"
"
2,0,2,1,年,国,产,6,.,3,分,动,作,灾,难,片,《,峰,爆,》,蓝,光,国,语,中,字
m,a,g,n,e,t,:,?,x,t,=,u,r,n,:,b,t,i,h,:,6,9,0,5,3,c,d,b,e,e,2,9,a,f,4,7,9,d,f,c,6,9,1,9,3,0,6,f,e,c,c,3,7,f,f,9,f,3,7,7,&,d,n,=,[,电,影,天,堂,w,w,w,.,d,y,t,t,8,9,.,c,o,m,],峰,爆,-,2,0,2,1,_,蓝,光,国,语,中,字,.,m,p,4
m,a,g,n,e,t,:,?,x,t,=,u,r,n,:,b,t,i,h,:,f,b,a,6,e,2,f,b,b,b,6,2,c,8,c,2,a,7,0,c,4,8,8,c,7,0,1,8,f,d,4,0,6,f,3,3,4,d,7,1,&,d,n,=,[,电,影,天,堂,w,w,w,.,d,y,t,t,8,9,.,c,o,m,],峰,爆,-,2,0,2,1,_,H,D,国,语,中,字,V,2,.,m,p,4
m,a,g,n,e,t,:,?,x,t,=,u,r,n,:,b,t,i,h,:,c,f,a,c,6,2,9,d,e,7,d,c,6,c,1,e,2,1,a,a,0,6,9,b,4,4,f,1,2,8,b,f,7,a,b,1,e,9,6,0,&,d,n,=,[,电,影,天,堂,w,w,w,.,d,y,t,t,8,9,.,c,o,m,],峰,爆,-,2,0,2,1,_,H,D,国,语,中,字,.,m,p,4
"
"
2,0,2,1,年,韩,国,6,.,9,分,恐,怖,古,装,片,《,王,国,：,北,方,的,阿,信,》,蓝,光,韩,语,中,字
m,a,g,n,e,t,:,?,x,t,=,u,r,n,:,b,t,i,h,:,3,4,b,9,3,c,c,b,d,d,8,e,8,6,e,f,c,0,e,1,0,8,8,7,d,0,b,b,7,b,e,1,e,7,2,2,a,9,b,1,&,d,n,=,[,电,影,天,堂,w,w,w,.,d,y,t,t,8,9,.,c,o,m,],王,国,：,北,方,的,阿,信,-,2,0,2,1,_,蓝,光,韩,语,中,字,.,m,p,4
m,a,g,n,e,t,:,?,x,t,=,u,r,n,:,b,t,i,h,:,d,9,2,0,8,2,9,8,4,a,8,a,7,5,5,5,9,5,0,7,1,9,9,c,d,2,d,a,1,c,2,8,0,b,0,f,5,8,8,f,&,d,n,=,[,电,影,天,堂,w,w,w,.,d,y,t,t,8,9,.,c,o,m,],王,国,：,北,方,的,阿,信,-,2,0,2,1,_,B,D,韩,语,中,字,.,m,p,4
"
"
